<?xml version="1.0" encoding="UTF-8"?><?xml-stylesheet type='text/xsl' href='_UpgradeReport_Files/UpgradeReport.xslt'?><UpgradeLog>
<Properties><Property Name="Solution" Value="NokiaSMSViewer">
</Property><Property Name="Solution File" Value="C:\Documents and Settings\Bhavesh Patel\My Documents\Visual Studio 2005\Projects\NokiaSMSViewer\NokiaSMSViewer.sln">
</Property><Property Name="Date" Value="08 March 2008">
</Property><Property Name="Time" Value="12:52">
</Property></Properties><Event ErrorLevel="0" Project="NokiaSMSViewer" Source="NokiaSMSViewer.csproj" Description="Project converted successfully">
</Event><Event ErrorLevel="3" Project="NokiaSMSViewer" Source="NokiaSMSViewer.csproj" Description="Converted">
</Event><Event ErrorLevel="0" Project="HashtableViewer" Source="HashtableViewer\HashtableViewer.csproj" Description="Project converted successfully">
</Event><Event ErrorLevel="3" Project="HashtableViewer" Source="HashtableViewer\HashtableViewer.csproj" Description="Converted">
</Event><Event ErrorLevel="2" Project="WABManipulation" Source="..\WABManipulation\WABManipulation.csproj" Description="Unable open project file to perform upgrade.  ">
</Event><Event ErrorLevel="0" Project="vCardReader" Source="..\vCardReader\vCardReader.csproj" Description="Project converted successfully">
</Event><Event ErrorLevel="3" Project="vCardReader" Source="..\vCardReader\vCardReader.csproj" Description="Converted">
</Event><Event ErrorLevel="0" Project="" Source="NokiaSMSViewer.sln" Description="Solution converted successfully">
</Event><Event ErrorLevel="3" Project="" Source="NokiaSMSViewer.sln" Description="Converted">
</Event><Event ErrorLevel="0" Project="NokiaSMSViewer" Source="NokiaSMSViewer.csproj" Description="Scan complete: Upgrade not required for project files.">
</Event><Event ErrorLevel="0" Project="HashtableViewer" Source="HashtableViewer\HashtableViewer.csproj" Description="Scan complete: Upgrade not required for project files.">
</Event><Event ErrorLevel="0" Project="vCardReader" Source="..\vCardReader\vCardReader.csproj" Description="Scan complete: Upgrade not required for project files.">
</Event></UpgradeLog>